country,country_code,year,budget_deficit_surplus,capital_expenditure,consumer_price_index_cpi,defence_expenditure,education_expenditure,expenditure,exports,food_inflation,gdp_growth_rate,gdp_per_capita,government_debt,health_expenditure,imports,inflation_rate,interest_rate,labour_force,nominal_gdp,population,real_gdp,revenue,tax_revenue,unemployment_rate,value_added_tax_vat
Algeria,DZA,1977.0,,,,,,,6.0,,,,,,-6.21,,,,,,,,,,
Algeria,DZA,1978.0,,,,,,,6.3,,,,,,-7.32,,,,,,,,,,
Algeria,DZA,1979.0,,,,,,,9.5,,,,,,-7.82,,,,,,,,,,
Algeria,DZA,1980.0,,,,,,,13.7,,,,,,-9.61,,,,,,,,,,
Algeria,DZA,1981.0,,,,,,,14.1,,,,,,-10.11,,,,,,,,,,
Algeria,DZA,1982.0,,,,,,,13.5,,,,,,-9.92,,,,,,,,,,
Algeria,DZA,1983.0,,,,,,,12.7,,,,,,-9.54,,,,,,,,,,
Algeria,DZA,1984.0,,,,,,,12.8,,,,,,-9.24,,,,,,,,,,
Algeria,DZA,1985.0,,,,,,,13.0,,,,,,-8.81,,,,,,,,,,
Algeria,DZA,1986.0,,,,,,,8.1,,,,,,-8.53,,,,,,,,,,
Algeria,DZA,1987.0,,,,,,,9.0,,,,,,-7.27,,,,,,,,,,
Algeria,DZA,1988.0,,,,,,,7.6,,,,,,-7.69,,,,,,,,,,
Algeria,DZA,1989.0,,,,,,,9.6,,,,,,-9.47,,,,,,,,,,
Algeria,DZA,1990.0,,,,,,,12.9,,,,,,-9.77,,,,,,,,,,
Algeria,DZA,1991.0,,,,,,,12.4,,,,,,-7.77,,,,,,,,,,
Algeria,DZA,1992.0,,,,,,,11.5,,,,,,-8.3,,,,,,,,,,
Algeria,DZA,1993.0,,,,,,,10.4,,,,,,-7.99,,,,,,,,,,
Algeria,DZA,1994.0,,,,,,,8.9,,,,,,-9.15,,,,,,,,,,
Algeria,DZA,1995.0,,,,,,,10.3,,,,,,-10.1,,,,,,,,,,
Algeria,DZA,1996.0,,,,,,,13.2,,,,,,-9.09,,,,,,,,,,
Algeria,DZA,1997.0,,,,,,,13.8,,,,,,-8.13,,,,,,,,,,
Algeria,DZA,1998.0,,,,,,,10.1,,,,,,-8.63,,,,,,,,,,
Algeria,DZA,1999.0,,,,,,,12.3,,,,,,-8.96,,,,,,,,,,
Algeria,DZA,2000.0,,,,,,,21.7,,,,,,-9.35,,,,,,,,,,
Algeria,DZA,2001.0,,,,,,,19.1,,,,,,-9.48,,,,4587607.0,,,,,,
Algeria,DZA,2002.0,,,101.74,,,,18.7,,5.4,,,,-12.01,,,,4901720.0,,,,,,
Algeria,DZA,2003.0,,,101.48,,,,24.5,,6.5,,,,-13.32,,,,5687158.0,,,,,,
Algeria,DZA,2004.0,,,108.96,,,,32.2,4.55,4.5,,,,-17.95,4.9,,,6623355.0,,,,,,
Algeria,DZA,2005.0,,,111.8,,,,46.3,4.06,5.4,,,,-19.85,3.58,,,7843981.0,,,,,,
Algeria,DZA,2006.0,,,112.5,,,,54.7,-1.45,2.9,,,,-20.68,1.22,,,8941655.0,,,,,,
Algeria,DZA,2007.0,,,115.17,,,,60.6,4.65,3.1,,,,-26.35,2.46,,,9872971.0,,,,,,
Algeria,DZA,2008.0,,,120.39,,,,78.6,6.74,2.5,,,,-37.99,3.86,,,11649694.0,,,,,,
Algeria,DZA,2009.0,,,126.98,,,,45.2,7.43,1.2,,,,-37.4,4.94,,,10920163.0,,,,,,
Algeria,DZA,2010.0,,,133.52,,,,57.1,8.25,4.8,,,,-38.89,5.71,,,13224716.0,,,,,,
Algeria,DZA,2011.0,,,138.29,,,,72.9,3.85,3.0,,,,-46.93,3.78,,,15924670.0,,,,,,
Algeria,DZA,2012.0,,,148.71,,,,71.7,4.71,2.4,,,,-51.57,4.86,,,17611810.0,,,,,,
Algeria,DZA,2013.0,,,160.33,,,,64.9,12.35,2.6,,,,-54.99,8.91,,,18231035.0,,,,,,
Algeria,DZA,2014.0,,,161.4,,,,60.1,2.46,4.1,,,,-59.67,2.67,,,19253765.0,,,,,,
Algeria,DZA,2015.0,,,168.91,,,,34.6,4.26,3.2,,,,-52.65,3.25,,,18879025.0,,,,,,
Algeria,DZA,2016.0,,,177.42,,,,29.3,4.39,3.9,,,,-49.44,4.82,,,19783349.0,,,,,,
Algeria,DZA,2017.0,,,191.74,,,,34.6,3.8,1.5,,,,-48.98,6.65,,,21071656.0,,,,,,
Algeria,DZA,2018.0,,,198.59,,,,41.1,4.59,1.4,,,,-48.57,5.22,,,22683845.0,,,,,,
Algeria,DZA,2019.0,,,203.74,,,,35.3,3.34,0.9,,,,-44.63,4.18,,,23090099.0,,,,,,
Algeria,DZA,2020.0,,,207.66,,,,21.9,-0.76,-5.0,,,,-35.55,1.9,,,20902124.0,,,,,,
Algeria,DZA,2021.0,,,216.45,,,,38.6,0.63,3.8,,,,-37.47,2.61,,,25153206.0,,,,,,
Algeria,DZA,2022.0,,,236.0,,,,65.7,10.9,3.6,,,,-38.87,7.62,,,32039527.0,,,,,,
Algeria,DZA,2023.0,,,257.98,,,,55.0,13.43,3.0,,,,-42.96,9.29,,,33638264.0,,,,,,
Algeria,DZA,2024.0,,,274.32,,,,,12.69,3.6,,,,,9.06,,,35788498.8,,,,,,
Algeria,DZA,2025.0,,,284.46,,,,,2.88,,,,,,3.84,,,,,,,,,
Angola,AGO,1990.0,,,,,,,3882.7,,,,,,,,,,,,,,,,
Angola,AGO,1991.0,,,,,,,3449.2,,,,,,,,,,,,,,,,
Angola,AGO,1992.0,,,,,,,3832.7,,,,,,,,,,,,,,,,
Angola,AGO,1993.0,,,,,,,2900.4,,,,,,,,,,,,,,,,
Angola,AGO,1994.0,,,,,,,3016.7,,,,,,,,,,,,,,,,
Angola,AGO,1995.0,,,,,,,3722.7,,,,,,,,,,,,,,,,
Angola,AGO,1996.0,,,,,,,5094.8,,,,,,,,,,,,,,,,
Angola,AGO,1997.0,,,,,,,5006.7,,,,,,,,,,,,,,,,
Angola,AGO,1998.0,,,,,,,3542.9,,,,,,,,,,,,,,,,
Angola,AGO,1999.0,,,,,,,5156.5,,,,,,,,,,,,,,,,
Angola,AGO,2000.0,,,,,,,7920.7,,,,,,,,,,,,,,,,
Angola,AGO,2001.0,,,,,,,6534.3,,,,,,,,,,,,,,,,
Angola,AGO,2002.0,,,,,,,8327.9,,,55490.0,,,,,,,753573.7197,13580345.51,,,,,
Angola,AGO,2003.0,,,,,,,9508.2,,3.49,107760.0,,,5480.12,,,,1517650.933,14083677.03,779853.1894,,,,
Angola,AGO,2004.0,,,,,,,13475.0,,11.42,155336.0,,,5831.78,,,,2255447.872,14519769.61,1690964.596,,,,
Angola,AGO,2005.0,,,,,,,24109.4,,14.15,241374.0,,,8353.24,,,,3608095.309,14948177.73,2574701.5,,,,
Angola,AGO,2006.0,,,,,,,31862.2,,11.84,305893.0,,,8777.63,,,,4713881.568,15410205.33,4035359.384,,,,
Angola,AGO,2007.0,,,,,,,44396.2,,13.0,352609.0,,,13661.46,,,,5602449.613,15888562.39,5326812.926,,,,
Angola,AGO,2008.0,,,,,,,63913.9,,10.79,452873.0,,,20982.19,,,,7412577.53,16367880.0,6206765.463,,,,
Angola,AGO,2009.0,,,,,,,40827.9,,2.0,383775.0,,,22659.94,,,,6481521.8,16888858.0,7560502.119,,,,
Angola,AGO,2010.0,,,,,,,50594.9,,5.29,507350.0,,,16666.86,,,,8781308.454,17308202.75,6824631.898,,,,
Angola,AGO,2011.0,,,,,,,67310.3,,3.59,663525.0,,,20228.45,,,,11793661.42,17774262.37,9096897.229,,,,
Angola,AGO,2012.0,,,,,,,71093.3,,8.5,751446.0,,,23703.84,,10.3,,13706611.88,18240321.99,12796490.94,,,,
Angola,AGO,2013.0,,,,,,,68246.5,,4.88,793353.0,,,26330.99,,10.0,,14840760.47,18706381.61,14375914.13,,,,
Angola,AGO,2014.0,,,,,,,59169.9,,4.66,624129.0,,,28580.27,,9.3,,16165667.82,25901182.0,15531705.26,,,,
Angola,AGO,2015.0,,,,,,,33181.1,,0.76,592443.0,,,20692.54,,9.0,,15807317.33,26681590.0,16289040.59,,,,
Angola,AGO,2016.0,,,,,,,27588.9,,-1.7,682888.0,,,13040.49,,12.0,,18781815.99,27503526.0,15538509.1,,,,
Angola,AGO,2017.0,,,,,,,34613.5,,-0.15,818092.0,,,14463.24,,16.0,,23200798.62,28359634.0,18753756.66,,,,
Angola,AGO,2018.0,,,,,,,40757.8,,-0.59,987124.0,,,15797.85,,18.0,,28873391.11,29250009.0,23062890.47,,,,
Angola,AGO,2019.0,,,,,,,34725.6,,-0.2,1144586.0,,,14127.06,,15.8,,34538508.02,30175553.0,28814292.98,,,,
Angola,AGO,2020.0,,,,,,,20937.4,,-4.04,1235754.0,,,9543.14,,15.5,,38466148.28,31127674.0,33142307.05,,,,
Angola,AGO,2021.0,,,101.5,,,,33581.5,,2.1,1659871.0,,,11794.85,,15.5,,53277982.46,32097671.0,39274996.18,,,,
Angola,AGO,2022.0,,,129.57,,,,50038.0,,4.22,1982276.0,,,17267.32,22.96,20.0,,65586149.32,33086278.0,55524183.58,,,,
Angola,AGO,2023.0,,,145.83,,,,36884.7,,1.26,2298268.0,,,15084.85,12.55,19.5,,78322351.9,34078866.34,66414704.48,,,,
Angola,AGO,2024.0,,,177.89,,,,36795.0,,3.79,,,,14190.24,21.99,18.0,,,,,,,,
Angola,AGO,2025.0,,,224.99,,,,7778.95,,3.51,,,,3806.89,26.48,19.5,,,,,,,,
Botswana,BWA,1960.0,,,,,,,,,,,,,,,,,,516165.0,,,,,
Botswana,BWA,1961.0,,,,,,,,,,,,,,,,,,527942.0,,,,,
Botswana,BWA,1962.0,,,,,,,,,,,,,,,,,,540186.0,,,,,
Botswana,BWA,1963.0,,,,,,,,,,,,,,,,,,552966.0,,,,,
Botswana,BWA,1964.0,,,,,,,,,,,,,,,,,,566266.0,,,,,
Botswana,BWA,1965.0,,,,,,,,,,,,,,,,,,574664.0,,,,,
Botswana,BWA,1966.0,,,,,,,,,,,,,,,,,,577866.0,,,,,
Botswana,BWA,1967.0,,,,,,,,,,,,,,,,,,580933.0,,,,,
Botswana,BWA,1968.0,,,,,,,,,,,,,,,,,,583966.0,,,,,
Botswana,BWA,1969.0,,,,,,,,,,,,,,,,,,587066.0,,,,,
Botswana,BWA,1970.0,,,,,,,,,,,,,,,,,,590334.0,,,,,
Botswana,BWA,1971.0,,,,,,,,,,,,,,,,,,600481.0,,,,,
Botswana,BWA,1972.0,,,,,,,,,,,,,,,,,,622407.0,,,,,
Botswana,BWA,1973.0,,,,,,,,,,,,,,,,,,652408.0,,,,,
Botswana,BWA,1974.0,,,,,,,,,,,,,,,,,,685448.0,,,,,
Botswana,BWA,1975.0,,,,,,,,,,,,,,,,,,720380.0,,,,,
Botswana,BWA,1976.0,,,,,,,,,,,,,,,,,,758508.0,,,,,
Botswana,BWA,1977.0,,,,,,,,,,,,,,,,,,799574.0,,,,,
Botswana,BWA,1978.0,,,,,,,,,,,,,,,,,,849239.0,,,,,
Botswana,BWA,1979.0,,,,,,,,,,,,,,,,,,901742.0,,,,,
Botswana,BWA,1980.0,,,,,,,,,,,,,,,,,,937485.0,,,,,
Botswana,BWA,1981.0,,,,,,,,,,,,,,,,,,969996.0,,,,,
Botswana,BWA,1982.0,,,,,,,,,,,,,,,,,,1009269.0,,,,,
Botswana,BWA,1983.0,,,,,,,,,,,,,,,,,,1046137.0,,,,,
Botswana,BWA,1984.0,,,,,,,,,,,,,,,,,,1083660.0,,,,,
Botswana,BWA,1985.0,,,,,,,,,,,,,,,,,,1121945.0,,,,,
Botswana,BWA,1986.0,,,,,,,,,,,,,,,,,,1160650.0,,,,,
Botswana,BWA,1987.0,,,,,,,,,,,,,,,,,,1199167.0,,,,,
Botswana,BWA,1988.0,,,,,,,,,,,,,,,,,,1235476.0,,,,,
Botswana,BWA,1989.0,,,,,,,,,,,,,,,,,,1270274.0,,,,,
Botswana,BWA,1990.0,,,,,,,,,,,,,,,,,,1305696.0,,,,,
Botswana,BWA,1991.0,,,,,,,,,,,,,,,,,,1341756.0,,,,,
Botswana,BWA,1992.0,,,,,,,,,,,,,,,,,,1380033.0,,,,,
Botswana,BWA,1993.0,,,,,,,,,,,,,,,,,,1420115.0,,,,,
Botswana,BWA,1994.0,,,,,,,,,,,,,,,,,,1460023.0,,,,,
Botswana,BWA,1995.0,,,,,,,,,,,,,,,,,,1498836.0,,,,,
Botswana,BWA,1996.0,,,,,,,,,,,,,,,,,,1535914.0,,,,,
Botswana,BWA,1997.0,,,,,,,,,,,,,,,,,,1571691.0,,,,,
Botswana,BWA,1998.0,,,,,,,,,,,,,,,,,,1606899.0,,,,,
Botswana,BWA,1999.0,,,,,,,,,,,,,,,,,,1641997.0,,,,,
Botswana,BWA,2000.0,,,,,,,,,,,,,,,,,,1677382.0,,,,,
Botswana,BWA,2001.0,,,,,,,,,,,,,,,,,,1712254.0,,,,,
Botswana,BWA,2002.0,,,,,,,,,,,,,,,,,,1744763.0,,,,,
Botswana,BWA,2003.0,,,,,,,,,,,,,,,,,,1775736.0,,,,,
Botswana,BWA,2004.0,,,,,,,,,,,,,,,,,,1807146.0,,,,,
Botswana,BWA,2005.0,,,,,,,,,,,,,,,,,,1839877.0,,,,,
Botswana,BWA,2006.0,,,,,,,,,,,,,,,,,,1874516.0,,,,,
Botswana,BWA,2007.0,,,,,,,,,,,,,,,,,,1911201.0,,,,,
Botswana,BWA,2008.0,,,,,,,,,,,,,,,,,,1949970.0,,,,,
Botswana,BWA,2009.0,,,,,,,,,,,,,,,,,,1990673.0,,,,,
Botswana,BWA,2010.0,,,,,,,,,,,,,,,,,,2033111.0,,,,,
Botswana,BWA,2011.0,,,,,,,,,,,,,,,,,,2073535.0,,,,,
Botswana,BWA,2012.0,,,,,,,,,,,,,,,,,,2108617.0,,,,,
Botswana,BWA,2013.0,,,,,,,,,,,,,,,,,,2140682.0,152500.4,,,,
Botswana,BWA,2014.0,,,,,,,,,,,,,,,7.5,,,2172044.0,40696.5,,,,
Botswana,BWA,2015.0,,,,,,,,,,70162.76,,,,,7.25,,,2203273.0,39080.1,,,,
Botswana,BWA,2016.0,,,,,,,,,,74072.23,,,,,6.0,,,2234776.0,40475.1,,,,
Botswana,BWA,2017.0,,,,,,,,,,75946.28,,,,,5.5,,,2266747.0,41756.7,,,,
Botswana,BWA,2018.0,,,,,,,,,,77927.75,,,,,5.0,,,2299141.0,43344.6,,,,
Botswana,BWA,2019.0,,,,,,,,,,79087.81,,,,,5.0,,,2332083.0,45322.9,,,,
Botswana,BWA,2020.0,,,,,,,,,,70627.99,,,,,4.75,,,2365894.0,45831.4,,,,
Botswana,BWA,2021.0,,,,,,,,,,77876.73,,,,,3.75,,,2401441.0,46484.0,,,,
Botswana,BWA,2022.0,,,,,,,,,,80960.0,,,,,3.75,962319.0,,2439892.0,49490.6,,,25.4,
Botswana,BWA,2023.0,,,,,,,,,,82375.03,,,,,1.9,1063776.0,,2480244.0,52312.6,,,25.9,
Botswana,BWA,2024.0,,,,,,,,,,78804.33,,,,,1.9,1041204.0,,,49583.5,,,27.6,
Botswana,BWA,2025.0,,,,,,,,,,,,,,,1.9,,,,49435.2,,,,
Egypt,EGY,1982.0,,,,,,,,,,,,,,,,,22.5,,1319.4,,,,
Egypt,EGY,1983.0,,,,,,,,,4.89,,,,,,,,26.6,,1383.91,,,,
Egypt,EGY,1984.0,,,,,,,,,9.75,,,,,,,,31.6,,1518.78,,,,
Egypt,EGY,1985.0,,,,,,,,,5.79,,,,,,,,37.3,,1606.74,,,,
Egypt,EGY,1986.0,,,,,,,,,4.74,,,,,,,,44.1,,1682.97,,,,
Egypt,EGY,1987.0,,,,,,,,,3.48,,,,,,,,51.5,,1741.61,,,,
Egypt,EGY,1988.0,,,,,,,,,5.39,,,,,,,,61.6,,1835.43,,,,
Egypt,EGY,1989.0,,,,,,,,,5.11,,,,,,,,77.0,,1929.26,,,,
Egypt,EGY,1990.0,,,,,,,,,5.78,,,,,,,,95.8,,2040.68,,,,
Egypt,EGY,1991.0,,,,,,,,,1.15,,,,,,,,112.5,,2064.13,,,,
Egypt,EGY,1992.0,,,,,,,,,4.26,,,,,,,,139.1,,2152.09,,,,
Egypt,EGY,1993.0,,,,,,,,,3.0,,,,,,,,155.2,,2216.6,,,,
Egypt,EGY,1994.0,,,,,,,,,3.97,,,,,,,,175.0,,2304.56,,,,
Egypt,EGY,1995.0,,,,,,,,,4.58,,,,,,,,204.0,,2410.11,,,,
Egypt,EGY,1996.0,,,,,,,,,5.11,,,,,,,,229.4,,2533.25,,,,
Egypt,EGY,1997.0,,,,,,,,,5.32,,,,,,,,265.9,,2668.12,,,,
Egypt,EGY,1998.0,,,,,,,,,4.18,,,,,,,,287.4,,2779.54,,,,
Egypt,EGY,1999.0,,,,,,,,,5.91,,,,,,,,307.6,,2943.73,,,,
Egypt,EGY,2000.0,,,,,,,,,5.58,,,,,2.9,,,340.1,,3107.92,,,,
Egypt,EGY,2001.0,,,,,,,,,3.4,,,,,2.6,,,358.7,,3213.48,,,,
Egypt,EGY,2002.0,,,,,,,,,2.37,,,,,2.4,,,378.9,,3289.71,,,,
Egypt,EGY,2003.0,,,,,,,,,3.19,,,,,2.9,,,417.5,,3394.73,,,,
Egypt,EGY,2004.0,,,,,,,,,4.09,,18964.5,,,12.7,,,485.3,,3533.57,,,,
Egypt,EGY,2005.0,,,135.5,,,,4031.0,,4.47,,18231.0,,7348.3,9.4,,,538.5,,3691.99,,,,
Egypt,EGY,2006.0,-962.0,,138.3,3805.0,,42053.0,18455.1,,6.84,,18864.5,,30441.0,3.4,,,617.7,,3945.32,45046.0,17124.0,,
Egypt,EGY,2007.0,-56213.0,,155.5,17718.0,,244018.0,22017.5,,7.09,,19492.0,,38308.1,12.4,,,744.8,,4225.22,205654.0,114326.0,,
Egypt,EGY,2008.0,-67563.0,,110.5,19849.0,,305795.0,29355.8,,7.16,,21641.1,,52771.2,10.5,,,895.5,,4527.8,248835.0,137195.0,,
Egypt,EGY,2009.0,-72379.0,,126.4,22267.0,,356944.0,25168.9,,4.67,,25817.7,,50342.2,14.4,,,1042.2,,4739.07,288545.0,163222.0,,
Egypt,EGY,2010.0,-98886.0,,100.0,23453.0,,396768.0,23873.1,,5.15,,26249.3,,48993.1,13.9,11.1,,1206.6,,4983.15,303361.0,170494.0,9.0,
Egypt,EGY,2011.0,-134138.0,,110.8,26484.0,,440410.0,26992.5,,1.76,,27092.2,,54095.5,10.8,10.7,,1371.1,,5070.09,302010.0,192072.0,12.0,
Egypt,EGY,2012.0,-165689.0,,120.3,26018.0,,516422.0,25071.9,,2.23,,25594.4,,59210.9,8.6,11.9,,1674.7,,5183.44,348865.0,207410.0,12.7,
Egypt,EGY,2013.0,-246853.0,,127.9,28739.0,,644080.0,26988.1,,2.19,,28489.6,,57682.8,6.3,12.1,,1860.4,,5296.37,403637.0,251118.0,13.2,
Egypt,EGY,2014.0,-254715.0,,142.4,31844.0,,759847.0,26022.6,,2.92,,29054.0,,60181.9,11.4,11.8,,2130.0,,5451.64,519449.0,260289.0,13.0,
Egypt,EGY,2015.0,-284314.0,,156.2,41477.0,,805929.0,22245.1,,4.37,,25707.2,,61305.5,9.7,11.7,,2443.9,,5689.25,538378.0,305957.0,12.8,
Egypt,EGY,2016.0,-244653.0,,171.9,30854.0,,586805.0,18704.6,,4.35,,24436.7,,57387.7,10.1,11.9,,2709.4,,5936.11,331741.0,352315.0,12.5,
Egypt,EGY,2017.0,-366401.0,,220.3,48934.0,,1116985.0,21728.2,,4.18,,34874.7,,59003.0,28.1,16.5,,3655.9,,6184.85,755110.0,462007.0,11.8,
Egypt,EGY,2018.0,-425385.0,,257.9,55002.0,,1335980.0,25827.0,,5.31,,47648.8,,63103.0,17.1,19.9,,4666.2,,6514.41,915974.0,628083.0,9.9,
Egypt,EGY,2019.0,-423019.0,,290.7,61582.0,,1505187.0,28495.0,,5.56,,57272.0,,66529.4,12.7,18.1,,5596.0,,6875.82,1080152.0,736121.0,7.9,
Egypt,EGY,2020.0,-408509.0,,105.6,66868.0,,1580934.0,26376.0,,3.57,,69352.1,,62841.1,7.2,13.6,,6152.6,,7121.63,1121422.0,739633.0,7.9,
Egypt,EGY,2021.0,-459449.0,,110.2,79426.0,,1729464.0,28676.5,,3.3,,82445.6,,70736.1,4.3,9.5,,6663.1,,7353.18,1266027.0,833993.0,7.4,
Egypt,EGY,2022.0,-477486.0,,118.1,89708.0,,1937165.0,43906.4,,6.6,,82275.4,,87302.4,7.3,9.5,,7842.5,,7842.5,1483977.0,990138.0,7.2,
Egypt,EGY,2023.0,-580182.0,,148.7,100966.0,,2309495.0,39624.0,,3.8,,83428.3,,70783.6,25.8,14.4,,10155.4,,8137.3,1723717.0,1258582.0,7.0,
Egypt,EGY,2024.0,,,,,,,7670.0,,2.4,,80178.2,,72134.7,29.8,19.3,,,,8332.63,,,6.6,
Egypt,EGY,2025.0,,,,,,,,,,,,,,23.95,21.0,,,,,,,,
Ethiopia,ETH,2008.0,,,,,,,,,,,,,,7.8,,,,,,,,,
Ethiopia,ETH,2010.0,,,,,,,,,,,,,,7.9,,,,,,,,,
Ethiopia,ETH,2011.0,,,,,,,,,11.4,396.0,,,,8.8,,,478900.0,80700000.0,475600.0,,,,
Ethiopia,ETH,2012.0,,,,,,,,,8.7,523.0,,,,9.1,,,519500.0,82700000.0,517000.0,,,,
Ethiopia,ETH,2013.0,,,,,,,,,9.9,559.0,,,,8.7,,,571700.0,84800000.0,568000.0,,,,
Ethiopia,ETH,2014.0,,,,,,,3300.1,,10.3,640.0,,,13712.3,8.5,,,630300.0,87000000.0,627000.0,,,,
Ethiopia,ETH,2015.0,-30882.1,117145.7,,,,230521.2,3019.1,,10.4,725.0,,,16458.6,10.4,,,696500.0,89100000.0,692000.0,199639.1,165312.5,,
Ethiopia,ETH,2016.0,-36073.4,144184.1,,,,280892.8,6077.3,11.2,8.0,814.6,,,20552.1,9.7,12.8,,1568097.5,91200000.0,1568097.5,244819.4,190519.7,,
Ethiopia,ETH,2017.0,-59444.0,153023.5,,,,329658.1,6257.2,7.2,10.1,875.8,,,19714.0,7.4,12.8,,1832553.7,93400000.0,1717127.2,270214.1,210172.5,,
Ethiopia,ETH,2018.0,-66643.2,143735.1,,,,354205.3,7095.9,13.4,7.7,883.3,,,19707.4,14.6,13.5,,2202372.7,95500000.0,1834066.5,287562.1,235229.5,,
Ethiopia,ETH,2019.0,-68169.2,174949.1,,,,413105.7,7694.9,13.1,9.0,983.1,,,20704.8,12.6,13.5,,2696222.7,97600000.0,1982516.7,344936.5,268457.4,,
Ethiopia,ETH,2020.0,-93277.4,207576.1,,,,488243.2,7715.7,23.3,6.1,1079.4,,,18828.3,19.9,14.3,,3374746.9,99750000.0,2109180.1,394965.8,311476.5,,
Ethiopia,ETH,2021.0,-120118.5,235409.7,,,,599006.7,8498.9,23.2,6.3,1091.7,,,19177.0,20.2,14.3,,4341024.2,101900000.0,2227894.7,478888.1,388763.5,,
Ethiopia,ETH,2022.0,-212345.4,262055.7,,,,779099.0,10457.7,40.3,6.4,1217.8,,,23845.0,33.8,14.3,,6157015.2,104100000.0,2346748.0,566753.6,477770.3,,
Ethiopia,ETH,2023.0,-221184.9,355917.0,,,,938771.6,10855.8,31.7,7.2,1548.7,,,23430.0,32.5,14.3,,8723116.8,105700000.0,2501498.3,717586.7,593232.1,,
Ethiopia,ETH,2024.0,-246950.7,467457.6,,,,1120077.3,11763.6,28.1,8.1,1937.0,,,25128.0,26.6,14.3,,11752138.0,108400000.0,2684525.0,873126.5,716172.2,,
Ghana,GHA,1971.0,,,,,,,,,,,,,,,8.0,,,,,,,,
Ghana,GHA,1972.0,,,,,,,,,,,,,,,8.0,,,,,,,,
Ghana,GHA,1973.0,,,,,,,,,,,,,,,6.0,,,,,,,,
Ghana,GHA,1974.0,,,,,,,,,,,,,,,6.0,,,,,,,,
Ghana,GHA,1975.0,,,,,,,,,,,,,,,6.0,,,,,,,,
Ghana,GHA,1976.0,,,,,,,,,,,,,,,8.0,,,,,,,,
Ghana,GHA,1977.0,,,,,,,,,,,,,,,8.0,,,,,,,,
Ghana,GHA,1978.0,,,,,,,,,,,,,,,8.0,,,,,,,,
Ghana,GHA,1979.0,,,,,,,,,,,,,,,13.5,,,,,,,,
Ghana,GHA,1980.0,,,,,,,,,,,,,,,13.5,,,,,,,,
Ghana,GHA,1981.0,,,,,,,,,,,,,,,13.5,,,,,,,,
Ghana,GHA,1982.0,,,,,,,,,,,,,,,19.5,,,,,,,,
Ghana,GHA,1983.0,,,,,,,,,,,,,,,10.5,,,,,,,,
Ghana,GHA,1984.0,,,,,,,,,,,,,,,14.5,,,,,,,,
Ghana,GHA,1985.0,,,,,,,,,,,,,,,18.0,,,,,,,,
Ghana,GHA,1986.0,,,,,,,,,,,,,,,18.5,,,,,,,,
Ghana,GHA,1987.0,,,,,,,,,,,,,,,23.5,,,,,,,,
Ghana,GHA,1988.0,,,,,,,,,,,,,,,26.0,,,,,,,,
Ghana,GHA,1989.0,,,,,,,,,,,,,,,26.0,,,,,,,,
Ghana,GHA,1990.0,,,,,,,,,,,,,,,26.0,,,,,,,,
Ghana,GHA,1991.0,,,,,,,,,,,,,,,35.0,,,,,,,,
Ghana,GHA,1992.0,,,,,,,,,,,,,,,20.0,,,,,,,,
Ghana,GHA,1993.0,,,,,,,,,,,,,,,30.0,,,,,,,,
Ghana,GHA,1994.0,,,,,,,,,,,,,,,30.0,,,,,,,,
Ghana,GHA,1995.0,,,,,,,,,,,,,,,39.0,,,,,,,,
Ghana,GHA,1996.0,,,,,,,,,,,,,,,45.0,,,,,,,,
Ghana,GHA,1997.0,,,,,,,,,,,,,,,45.0,,,,,,,,
Ghana,GHA,1998.0,,,,,,,,,,,,,,,45.0,,,,,,,,
Ghana,GHA,1999.0,,,,,,,,,,,,,,,32.0,,,,,,,,
Ghana,GHA,2000.0,,,,,,,,,,,,,,,27.0,,,,,,,,
Ghana,GHA,2001.0,,,,,,,,,,,,,,,27.0,,,,,,,,
Ghana,GHA,2002.0,,,,,,,,,,,,,,,27.0,,,,,,,,
Ghana,GHA,2003.0,,,,,,,,,,,,,,,25.5,,,,,,,,
Ghana,GHA,2004.0,,,,,,,,,,,,,,,21.5,,,,,,,,
Ghana,GHA,2005.0,,,,,,,,,,,,,,,18.5,,,,,,,,
Ghana,GHA,2006.0,,,,,,,330.1,,,,,,490.8,,14.5,,7051.4,,16714.21,,,,
Ghana,GHA,2007.0,,,,,,,358.4,,7.5,,,,592.3,,12.5,,8244.62,,17967.28,,,,
Ghana,GHA,2008.0,,,,,,,406.1,,8.03,,,,781.9,,13.5,,11129.81,,19410.59,,,,
Ghana,GHA,2009.0,,,,,,,571.4,,3.48,,,,769.8,,17.0,,12716.5,,20086.83,,,,
Ghana,GHA,2010.0,,,,,,,637.6,,6.48,,,,790.2,,18.0,,17367.17,,21408.68,,,,
Ghana,GHA,2011.0,,,,,,,941.9,,11.2,,,,1131.0,,13.5,,20931.12,,24392.3,,,,
Ghana,GHA,2012.0,-329.9,,96.8,,,1401.1,1319.6,,10.03,,,,1268.1,,12.5,,23865.22,,27631.43,1071.2,279.6,,
Ghana,GHA,2013.0,-590.0,,106.5,,,1480.6,1405.8,8.0,7.15,2453.16,,,1438.0,10.1,15.0,,28038.91,26430000.0,29807.51,1454.7,401.6,,
Ghana,GHA,2014.0,-250.5,,121.2,,,2003.2,1114.6,7.1,-1.32,1999.18,22906.67,,1346.5,13.8,16.0,,32301.4,27040000.0,29478.1,1752.7,527.3,,
Ghana,GHA,2015.0,-927.8,,141.1,,,2893.4,1044.7,6.9,11.4,1756.23,24673.85,,1170.4,16.4,21.0,,42016.2,27670000.0,32668.27,1965.6,586.1,,
Ghana,GHA,2016.0,-368.6,,168.0,,,2558.9,877.1,8.2,0.76,1978.46,26461.12,,1124.9,19.0,26.0,,53070.62,28310000.0,32528.34,2222.5,657.3,,
Ghana,GHA,2017.0,-410.5,,190.4,,,3529.8,1306.1,7.0,5.38,2083.11,29765.08,,1059.7,13.3,25.5,,60905.26,28960000.0,35011.55,3200.6,1269.0,,
Ghana,GHA,2018.0,-1556.3,,210.1,,,4419.3,1433.93,6.8,9.96,2272.51,34123.0,,1180.48,10.3,20.0,,72938.57,29614337.0,38822.39,2991.9,880.1,,
Ghana,GHA,2019.0,-1072.3,,229.0,,,4747.1,1342.32,8.0,5.41,2256.81,36808.75,,1256.84,9.0,16.0,,82086.73,30280811.0,41103.53,3914.2,1439.4,,
Ghana,GHA,2020.0,-2594.2,,111.6,,,7195.8,1437.07,7.8,6.33,2272.46,41555.7,,1128.18,7.8,16.0,,96590.19,30816511.0,43742.77,4800.9,1912.1,,
Ghana,GHA,2021.0,-1992.5,,122.7,,,6747.6,1355.33,12.8,5.27,2579.28,53786.86,,1135.44,9.9,14.5,,109446.5,30832019.0,45450.04,4936.1,1819.5,,
Ghana,GHA,2022.0,-5013.4,,139.7,,,10229.2,1218.52,13.7,4.15,2368.9,60160.8,,1135.17,13.9,14.5,,134907.6,31350393.0,46936.7,5215.77,1511.7,,
Ghana,GHA,2023.0,-3333.4,,165.6,,,11852.37,1506.44,61.0,4.34,2569.5,52186.88,,984.06,53.6,28.0,,212506.8,31350393.0,48419.4,8518.98,3194.54,,
Ghana,GHA,2024.0,-9420.05,,204.55,,,15035.92,1364.99,27.1,4.34,2513.11,52829.32,,1375.47,23.52,29.0,,272002.0,33010000.0,50620.0,9979.52,2638.32,,
Ghana,GHA,2025.0,-5428.13,,252.62,,,18894.25,2408.13,28.3,,,49133.44,,1410.73,23.48,27.0,,360013.1,,53825.0,12987.23,4681.29,,
Ivory Coast,CIV,1960.0,1.5,,,,,24.3,,,,,,,,,,,140.7,,,25.8,24.5,,
Ivory Coast,CIV,1961.0,2.3,,,,,28.6,,,,,,,,,,,159.3,,,30.9,29.9,,
Ivory Coast,CIV,1962.0,-0.9,,,,,31.8,,,,,,,,,,,166.1,,,30.9,29.8,,
Ivory Coast,CIV,1963.0,1.2,,,,,33.6,,,,,,,,,,,195.9,,,34.8,33.9,,
Ivory Coast,CIV,1964.0,0.3,,,,,43.8,73186.0,,,,,,,,,,237.1,,,44.1,42.7,,
Ivory Coast,CIV,1965.0,-2.6,,,,,51.5,68418.2,,,,,,58343.0,,,,236.8,,3864.54,48.9,48.9,,
Ivory Coast,CIV,1966.0,-4.7,,,,,58.2,76658.5,,,,,,62792.0,,,,236.8,,4311.88,53.5,50.6,,
Ivory Coast,CIV,1967.0,-6.4,,,,,59.1,80262.6,,,,,,65050.0,,,,257.3,,4509.99,52.7,47.8,,
Ivory Coast,CIV,1968.0,2.2,,,,,71.5,104224.6,,,,,,75831.0,,,,274.4,,5075.85,73.7,69.3,,
Ivory Coast,CIV,1969.0,-8.3,,,,,80.3,,,,,,,,,,,325.1,,5560.11,72.0,69.4,,
Ivory Coast,CIV,1970.0,-13.4,,,,,96.8,130190.4,,,,,,107704.0,,,,364.0,,6137.15,83.4,83.0,,
Ivory Coast,CIV,1971.0,-20.4,,8.49,,,110.8,126558.5,,,,,,110838.0,,,,414.0,,6717.57,90.4,89.9,,
Ivory Coast,CIV,1972.0,-6.3,,8.52,,,108.5,139540.7,,,,,,114317.0,,,,439.3,,7002.03,102.2,102.2,,
Ivory Coast,CIV,1973.0,-6.6,,9.47,,,125.3,190856.3,,,,,,157522.0,,,,471.6,,7417.88,118.7,117.7,,
Ivory Coast,CIV,1974.0,-1.1,,11.12,,,156.6,291770.5,,,,,,232286.0,,,,559.1,,7738.91,155.5,139.6,,
Ivory Coast,CIV,1975.0,-18.2,,12.38,,,231.3,254571.7,,,,,,241393.0,,,,566.2,,8377.58,213.1,168.3,,
Ivory Coast,CIV,1976.0,-41.1,,13.86,,,362.7,392501.0,,,,,,311607.0,,,,739.0,,9459.53,321.6,236.7,,
Ivory Coast,CIV,1977.0,20.2,,17.68,,,568.4,529211.7,,,,,,429566.0,,,,834.5,,10151.71,588.6,317.8,,
Ivory Coast,CIV,1978.0,-148.7,,19.96,,,755.7,524382.2,,,,,,522502.0,,,,939.9,,11259.05,607.0,370.6,,
Ivory Coast,CIV,1979.0,-202.0,,23.29,,,843.0,534846.9,,,,,,528850.0,,,,1539.2,,11528.61,641.0,406.1,,
Ivory Coast,CIV,1980.0,-272.0,,26.7,,,890.0,663919.0,,,,,,631899.0,,,,1782.8,,10265.49,618.0,459.7,,
Ivory Coast,CIV,1981.0,-260.0,,29.05,,,891.0,689298.0,,,,,,653321.0,,,,1944.9,,10624.78,631.0,525.4,,
Ivory Coast,CIV,1982.0,-331.1,,31.19,,,1003.1,747452.0,,,,,,718593.0,,,,2149.9,,10646.12,672.0,546.3,,
Ivory Coast,CIV,1983.0,-262.0,,33.04,,,1025.0,796774.0,,,,,,704249.0,,,,2291.4,,10230.95,763.0,548.2,,
Ivory Coast,CIV,1984.0,-29.0,,34.45,,,925.0,1184347.0,,,,,,658569.0,,,,2486.6,,9954.62,896.0,587.0,,
Ivory Coast,CIV,1985.0,90.0,,35.08,,,1006.0,1318100.0,,,,,,773000.0,,,,3135.0,,10402.64,1096.0,621.0,,
Ivory Coast,CIV,1986.0,-95.5,,37.49,,,1035.0,1160400.0,,,,,,709000.0,,,,3172.0,,10741.61,939.5,660.2,,
Ivory Coast,CIV,1987.0,-257.0,,40.07,,,1051.2,929100.0,,,,,,673900.0,,,,3031.8,,10710.12,794.2,670.4,,
Ivory Coast,CIV,1988.0,-447.1,,42.85,,,1236.3,826500.0,,,,,,619900.0,,,,3054.5,,10822.21,789.2,624.0,,
Ivory Coast,CIV,1989.0,-517.9,,43.29,,,1197.5,895700.0,,,,,,673400.0,,,,3109.5,,11146.63,679.6,563.2,,
Ivory Coast,CIV,1990.0,-352.2,,42.95,,,983.0,793012.4,,-1.6,,,,571103.3,,,,3725.61,11910540.0,11023.7,630.8,516.1,,
Ivory Coast,CIV,1991.0,-384.3,,43.69,,,973.8,763073.9,,0.0,,,,593373.7,,,,4089.15,12369269.0,11023.7,589.5,499.9,,
Ivory Coast,CIV,1992.0,-344.8,,45.43,,,942.3,801362.7,,-0.1,,,,615149.1,,,,4076.32,12838314.0,11013.98,597.5,499.8,,
Ivory Coast,CIV,1993.0,-350.9,,46.65,,,883.9,713229.0,,-0.4,,,,570473.3,,,,4073.26,13316448.0,10968.86,533.0,435.3,,
Ivory Coast,CIV,1994.0,-289.4,,58.77,,,1166.0,1522420.0,,2.1,,,,1056147.0,,,,5883.59,13802285.0,11199.08,876.6,678.5,,
Ivory Coast,CIV,1995.0,-184.3,,67.18,,,1322.6,1819297.0,,7.1,,,,1469768.0,,,,7558.21,14299727.0,11994.34,1138.3,897.4,,
Ivory Coast,CIV,1996.0,-112.6,,68.43,,,1385.1,2188326.0,,6.9,,,,1443422.0,,,,8584.26,14810946.0,12821.84,1272.5,1040.7,,
Ivory Coast,CIV,1997.0,-122.4,,63.6,,,1494.5,2495623.0,,5.7,,,,1608649.0,,,,9457.93,15335453.0,13555.62,1372.1,1112.8,,
Ivory Coast,CIV,1998.0,-118.3,,66.5,,,1557.4,2592600.0,,4.9,,,,1764600.0,5.12,,,10285.48,15858990.0,14224.03,1439.1,1142.1,,
Ivory Coast,CIV,1999.0,-185.1,,66.5,,,1521.6,2758513.0,,1.6,,,,1777816.0,1.87,,,10533.97,16345894.0,14454.08,1336.5,1149.1,,
Ivory Coast,CIV,2000.0,-89.6,,68.7,,,1360.2,2534366.0,,-2.1,,,,1771560.0,0.55,,,10547.73,16799670.0,14155.12,1270.6,1077.5,,
Ivory Coast,CIV,2001.0,69.7,,71.7,,,1306.9,2669423.0,,0.1,,,,1867237.0,5.03,,,11341.65,17245468.0,14172.3,1376.6,1168.4,,
Ivory Coast,CIV,2002.0,-122.1,,73.9,,,1591.6,3456184.0,,-1.7,,,,1816340.0,4.43,,,11896.02,17683897.0,13935.97,1469.5,1259.3,,
Ivory Coast,CIV,2003.0,-209.8,,76.3,,,1611.0,3189550.0,,-1.4,,,,2048404.0,3.23,,,12297.64,18116451.0,13746.52,1401.2,1189.9,,
Ivory Coast,CIV,2004.0,-150.9,,77.4,,,1665.0,3655377.0,,1.2,,,,2486800.0,0.29,,,12089.31,18544903.0,13915.81,1514.1,1241.4,,
Ivory Coast,CIV,2005.0,-147.7,,80.4,,,1713.7,3809246.3,,1.7,,,,3353872.6,4.86,,,12456.78,18970215.0,14155.33,1566.0,1251.2,,
Ivory Coast,CIV,2006.0,-126.5,,82.4,,,1742.0,4206857.1,,1.5,,,,3325441.2,1.98,,,12866.77,19394057.0,14369.92,1615.5,1364.0,,
Ivory Coast,CIV,2007.0,-78.2,,84.0,,,1949.4,3865586.9,,1.8,,,,3705459.2,2.53,,,13477.74,19817700.0,14623.52,1871.2,1468.1,,
Ivory Coast,CIV,2008.0,-41.1,,89.3,,,2201.2,4409963.6,,2.5,,,,3793000.5,6.71,,,14994.95,20244449.0,14995.38,2160.1,1626.4,,
Ivory Coast,CIV,2009.0,98.2,,89.8,,,2375.7,5077175.4,,3.3,,,,3593018.6,1.58,,,15845.23,20677762.0,15482.95,2473.9,1888.7,,
Ivory Coast,CIV,2010.0,-216.1,,89.9,,,2498.8,5539717.6,,2.0,,,,4412291.5,-0.26,,,17035.94,21120042.0,15795.04,2282.7,1928.5,,
Ivory Coast,CIV,2011.0,-485.5,,95.8,,,2211.4,5797514.6,,-4.2,,,,3595631.8,4.55,7.52,,16743.15,21562914.0,15132.22,1725.9,1493.1,,
Ivory Coast,CIV,2012.0,-432.5,,97.0,,,3054.0,6041005.8,,10.1,,,,5506532.2,2.3,7.86,,18907.19,22010712.0,16660.36,2621.5,2213.0,,
Ivory Coast,CIV,2013.0,-346.1,,99.6,,,3385.6,7157155.8,,9.3,,,,6537302.2,3.41,8.43,,21351.39,22469268.0,18204.54,3039.5,2408.6,,
Ivory Coast,CIV,2014.0,-376.3,,100.0,,,3669.6,6752676.3,,8.8,,,,7549.0,0.09,5.73,,24137.13,22995555.0,19804.55,3293.3,2573.3,,
Ivory Coast,CIV,2015.0,-553.2,,101.2,,,4470.0,7741831.8,,8.8,,,,7156.7,1.52,6.4,,27086.37,23596741.0,21555.73,3916.8,2954.9,,
Ivory Coast,CIV,2016.0,-838.5,,102.0,,,5015.1,6446574.5,,7.2,,,,4958645.6,0.29,5.93,,28686.71,24213622.0,23101.87,4176.6,3352.6,,
Ivory Coast,CIV,2017.0,-998.4,,102.38,,,5521.8,6882163.2,,7.4,,,,5185887.6,0.49,6.26,,30491.65,24848016.0,24813.9,4523.4,3458.1,,
Ivory Coast,CIV,2018.0,-944.3,,103.01,,,5708.4,6563596.6,,4.8,,,,5913143.4,0.57,6.09,,32506.1,25493988.0,26015.67,4764.1,3651.1,,
Ivory Coast,CIV,2019.0,-785.4,,103.85,,,5943.8,7325218.6,,6.7,,,,5996689.2,0.77,6.29,,35379.0,26147551.0,27764.28,5158.4,3972.3,,
Ivory Coast,CIV,2020.0,-1965.8,,106.35,,,7255.1,7155856.5,,0.7,,,,6040347.1,2.0,6.59,,36277.95,26811790.0,27958.56,5289.3,4149.2,,
Ivory Coast,CIV,2021.0,-1961.9,,110.8,,,8102.1,8363019.0,,7.1,,,,7627993.1,2.3,5.65,,40366.86,27478249.0,29933.36,6140.2,5096.0,,
Ivory Coast,CIV,2022.0,-2981.8,,116.5,,,9666.2,9988614.4,,6.2,,,,10708714.4,5.6,5.64,,43771.18,28160542.0,31794.57,6684.4,5616.7,,
Ivory Coast,CIV,2023.0,-2508.1,,121.65,,,10279.8,,,6.5,,,,,4.8,6.28,,47790.92,28873034.0,33872.65,7771.7,6508.0,,
Ivory Coast,CIV,2024.0,-2120.6,,125.86,,,10896.5,,,6.1,,,,,3.08,6.31,,52400.0,,35924.43,8775.9,7533.8,,
Ivory Coast,CIV,2025.0,,,99.2,,,,,,,,,,,1.7,6.37,,,,,,,,
Kenya,KEN,1998.0,,,,,,,9149.2,,,,,,15523.0,,,,,,,,,,
Kenya,KEN,1999.0,,,,,,,9006.8,,,,,,13452.9,,,,,,,,,,
Kenya,KEN,2000.0,,18584.0,,,,175119.0,9124.3,,0.0,,,,17197.2,,,,967838.0,,982855.0,178443.0,152444.0,,40944.0
Kenya,KEN,2001.0,,13659.0,,,,123391.0,13537.0,,3.8,,,,20740.7,,,,1020022.0,,1020111.0,107283.0,90241.0,,27924.0
Kenya,KEN,2002.0,,10555.0,,,,122427.0,14456.6,,0.5,,,,33559.6,,,,1035374.0,,1025583.0,107060.0,90212.0,,29723.0
Kenya,KEN,2003.0,,17438.0,,,,143691.0,16737.4,,2.9,,,,24319.8,,,,1131783.0,,1055658.0,114306.0,96782.0,,32540.0
Kenya,KEN,2004.0,,16894.0,,,,146010.0,16390.6,,5.1,,,,25538.4,,,,1274328.0,,1109338.0,130095.0,108080.0,,33458.0
Kenya,KEN,2005.0,,21388.0,,,,158123.0,19840.1,,5.7,,,,38506.0,12.3,,,1415823.0,,1172784.0,165646.0,138298.0,,43434.0
Kenya,KEN,2006.0,,30397.0,,,,209791.0,17178.2,,6.5,,,,39630.5,9.4,,,1622565.0,,1249470.0,169821.0,145000.0,,41172.0
Kenya,KEN,2007.0,,36409.0,,,,219726.0,20877.7,,6.9,,,,48294.2,6.1,,,1833511.0,,1336849.0,195320.0,165473.0,,53015.0
Kenya,KEN,2008.0,,61951.0,,,,283616.0,23753.5,,1.5,,,,64341.0,4.7,9.0,,2107589.0,,1357262.0,241522.0,207445.0,,66249.0
Kenya,KEN,2009.0,,62947.0,,,,301536.0,27359.8,,2.7,,,,66177.2,16.6,8.5,,3275642.0,,5361462.0,271194.0,233418.0,,74678.0
Kenya,KEN,2010.0,,91807.0,,,,374246.0,30602.6,,8.1,,,,71198.9,8.6,7.0,,3597630.0,,5793514.0,304531.0,259767.0,,81309.0
Kenya,KEN,2011.0,,113899.5,,,,434101.5,35457.8,,5.1,,,,90527.9,3.9,5.8,,4162514.0,,6090206.0,350725.0,302869.0,,98612.0
Kenya,KEN,2012.0,,137335.6,,,,509200.2,42365.1,,4.6,,,,101658.5,15.1,18.0,,4767191.0,,6368448.0,362116.0,332835.3,,100781.7
Kenya,KEN,2013.0,,151162.2,,,,589548.7,47116.3,,3.8,,,,130764.5,8.2,9.5,,5311322.0,,6610312.0,419576.4,380793.3,,105042.1
Kenya,KEN,2014.0,,124805.6,,,,669839.6,43062.5,,5.0,,,,130116.5,6.0,8.5,,6003835.0,,6942157.0,538800.9,484350.3,,132020.4
Kenya,KEN,2015.0,,196861.2,,,,764835.7,41163.0,,5.0,,,,127648.5,6.7,8.5,,6884317.0,,7287024.0,611056.3,558210.8,,147620.0
Kenya,KEN,2016.0,,224147.7,,,,888866.6,48023.5,,4.2,,,,106483.2,6.8,11.5,,7594064.0,,7594064.0,670940.5,609240.3,,163068.7
Kenya,KEN,2017.0,,333425.7,,,,1082905.3,48834.0,,3.8,,,,150734.1,6.3,10.0,,8483396.0,,7885521.0,772694.6,686239.7,,190043.7
Kenya,KEN,2018.0,,209851.2,,,,1077038.7,53448.1,,5.6,,,,157516.9,7.8,10.0,,9340307.0,,8330891.0,840619.0,755215.4,,203206.6
Kenya,KEN,2019.0,,328606.7,,,,1291663.0,53290.3,,5.1,183969.5,,,155919.7,4.7,9.0,17727199.0,10237727.3,26593769.0,8756945.6,924807.0,805372.4,6.2,232443.6
Kenya,KEN,2020.0,,335160.3,,,,1436864.1,53126.2,,-0.3,178891.9,,,155430.9,5.3,8.3,18548627.0,10715070.0,27308334.0,8733060.3,1061498.4,874538.9,5.2,245673.5
Kenya,KEN,2021.0,,246798.4,,,,1347104.2,54313.6,,7.6,188976.3,,,160717.2,5.7,7.0,19106156.0,12027661.5,28028495.0,9395942.1,937044.0,779269.8,6.6,215787.1
Kenya,KEN,2022.0,,256755.1,,,,1544540.0,59550.8,,4.9,194626.9,,,194180.1,6.1,7.0,18908915.0,13489641.5,28464189.0,9852582.9,1193501.2,1010496.3,5.5,296291.9
Kenya,KEN,2023.0,,234827.2,,,,1611231.5,72919.3,,5.6,201841.0,,,194552.1,8.0,8.8,,15108805.9,,10399980.2,1310802.1,1103875.9,,311658.6
Kenya,KEN,2024.0,,235068.2,,,,1815184.4,91675.6,,5.0,,,,244404.6,7.5,12.5,,4044263.0,,2720702.0,1500906.6,1215865.8,,374950.3
Kenya,KEN,2025.0,,290101.4,,,,2068187.5,,,,,,,,4.2,11.3,,,,,1564875.4,1251417.7,,365346.6
Nigeria,NGA,1981.0,,6.57,,,,,11023.3,,,,,,12839.6,,,,139.31,,19748.53,,,,
Nigeria,NGA,1982.0,,6.42,,,,,8206.4,,-6.8,,,,10770.5,,,,149.05,,18404.96,,,,
Nigeria,NGA,1983.0,,4.89,,,,,7502.5,,-10.93,,,,8903.7,,,,158.75,,16394.39,,,,
Nigeria,NGA,1984.0,,4.1,,,,,9088.0,,-1.11,,,,7178.3,,,,165.85,,16211.49,,,,
Nigeria,NGA,1985.0,,5.46,,,,,11720.8,,5.91,,,,7062.6,,,,187.83,,17170.08,,,,
Nigeria,NGA,1986.0,,8.53,,,,,8920.6,,0.06,,,,5983.6,,,,198.12,,17180.55,,,,
Nigeria,NGA,1987.0,,6.37,,,,,30360.6,,3.2,,,,17861.7,,,,244.68,,17730.34,,,,
Nigeria,NGA,1988.0,,8.34,,,,,31192.8,,7.33,,,,21445.7,,,,315.62,,19030.69,,,,
Nigeria,NGA,1989.0,,15.03,,,,,57971.2,,1.92,,,,30860.2,,,,414.86,,19395.96,,,,
Nigeria,NGA,1990.0,,24.05,,,,,109886.1,,11.78,,,,45717.9,,,,494.64,,21680.2,,,,
Nigeria,NGA,1991.0,,28.34,,,,,121535.4,,0.36,,,,89488.2,,,,590.06,,21757.9,,,,
Nigeria,NGA,1992.0,,39.76,,,,,205611.7,,4.63,,,,143151.2,,,,906.03,,22765.55,,,,
Nigeria,NGA,1993.0,,54.5,,,,,218770.1,,-2.04,,,,165629.4,,,,1257.17,,22302.24,,,,
Nigeria,NGA,1994.0,,70.92,,,,,206059.2,,-1.82,,,,162788.8,,,,1768.79,,21897.47,,,,
Nigeria,NGA,1995.0,,121.14,,,,,950661.4,,-0.08,,,,755127.7,,,,3100.24,,21881.56,,,,
Nigeria,NGA,1996.0,,212.93,,,,,1309543.4,,4.19,,,,562626.6,,,,4086.07,,22799.69,,,,
Nigeria,NGA,1997.0,,269.65,,,,,1241662.7,,2.93,,,,845716.6,,,,4418.71,,23469.34,,,,
Nigeria,NGA,1998.0,,309.02,,,,,751856.7,,2.58,,,,837418.7,,,,4805.16,,24075.15,,,,
Nigeria,NGA,1999.0,,498.03,,,,,1188969.8,,0.58,,,,862515.7,,,,5482.35,,24215.78,,,,
Nigeria,NGA,2000.0,,239.45,,43.4,,,1945723.3,,5.01,,,15.22,985022.39,,,,7062.75,,25430.42,,,,
Nigeria,NGA,2001.0,,438.7,,47.07,,,1867953.85,,5.92,,,24.52,1358180.33,,,,8234.49,,26935.32,,,,
Nigeria,NGA,2002.0,,321.38,,69.13,,,1744177.68,,15.33,,,40.62,1512695.33,,,,11501.45,,31064.27,,,,
Nigeria,NGA,2003.0,,241.69,,51.06,,,3087886.39,,7.35,,,33.27,2080235.27,,,,13556.97,,33346.62,,,,
Nigeria,NGA,2004.0,,351.3,,76.3,,,4602781.54,,9.25,,,34.2,1987045.27,,,,18124.06,,36431.37,,,,
Nigeria,NGA,2005.0,,519.5,,71.7,,,7246534.8,,6.44,,,55.7,2800856.33,,,,23121.88,,38777.01,,,,
Nigeria,NGA,2006.0,,552.4,,84.2,,,7324680.63,,6.06,,,62.25,3108519.32,,10.0,,30375.18,140431790.0,41126.68,,,,
Nigeria,NGA,2007.0,,759.32,,72.1,,,8309758.32,,6.59,,,81.91,3911952.63,,10.0,,34675.94,145325769.0,43837.39,,,,
Nigeria,NGA,2008.0,,960.89,,95.85,,,10387693.62,,6.76,,,98.22,5593180.45,,9.5,,39954.21,149933510.0,46802.76,,,,
Nigeria,NGA,2009.0,,1152.8,90.2,54.84,,,8606319.72,18.4,8.04,,,90.2,5480656.12,14.0,9.8,,43461.46,154642926.0,50564.26,,,,
Nigeria,NGA,2010.0,-607540.41,883.87,103.1,198.71,,3996445.81,12011475.87,15.9,9.13,,,99.1,8163974.57,14.4,6.0,,55469.35,159500688.0,55469.35,3388905.4,,,
Nigeria,NGA,2011.0,-816986.7,918.55,115.6,283.2,,4193968.2,15236665.99,10.3,5.31,,,231.8,10995863.63,12.1,6.5,,63713.36,164272861.0,58180.35,3376981.5,,,
Nigeria,NGA,2012.0,-949230.0,874.7,130.2,296.8,,4105237.6,15139326.13,13.1,4.21,,,197.9,9766556.74,12.6,12.0,,72599.63,169087829.0,60670.05,3156007.6,,,
Nigeria,NGA,2013.0,-1153490.2,1108.39,141.9,272.3,,4515685.2,15262013.61,10.1,5.49,,,180.0,9439424.71,9.0,12.0,,81009.96,173876409.0,63942.85,3362195.0,,,119510.26
Nigeria,NGA,2014.0,-835644.0,783.12,153.3,274.53,,4123415.0,12962026.84,9.3,6.22,,,195.98,10538914.51,8.0,12.0,71641170.88,90136.98,178605318.0,67977.46,3287771.0,,7.83,127048.64
Nigeria,NGA,2015.0,-1557800.0,818.37,165.8,330.59,,4767365.0,8845158.81,9.2,2.79,,,257.7,11076068.34,8.2,13.0,73436104.38,95177.74,183376728.0,69780.69,3209565.0,,7.54,759432.7
Nigeria,NGA,2016.0,-2140043.35,653.61,181.7,380.17,,5320416.0,8835611.91,10.6,-1.58,,,200.82,9480366.87,9.6,11.0,78486570.0,102575.42,193392517.0,68652.43,3180372.65,,12.09,777504.7
Nigeria,NGA,2017.0,-5101243.34,1242.3,215.7,361.92,,8720168.0,13988143.19,17.8,0.83,,19159809.16,245.19,10804845.85,18.7,14.0,82592121.22,114899.25,199681159.0,69205.69,3618924.66,,14.44,972348.41
Nigeria,NGA,2018.0,-3584739.0,1682.1,248.4,442.15,,7538027.0,18707327.43,18.9,1.93,,22707203.79,296.44,13445112.75,15.1,14.0,88206724.24,129086.91,196042933.0,70536.35,3953288.0,,21.83,1108040.57
Nigeria,NGA,2019.0,-4915356.0,2289.0,276.6,588.78,,9454440.0,19910533.8,13.5,2.27,,24947081.08,388.23,20449968.39,11.4,14.0,,145639.14,201135262.0,72094.09,4539084.0,,,1184580.58
Nigeria,NGA,2020.0,-6171796.0,1614.89,310.2,642.06,,9953600.0,12613592.7,14.8,-1.92,,28628493.63,423.36,20519192.15,12.1,13.5,,154252.32,206283338.0,70800.54,3781804.0,,,1531170.81
Nigeria,NGA,2021.0,-6910166.0,2522.47,361.2,612.53,,11698615.0,19204170.87,20.6,3.4,,33107247.23,386.24,22954835.52,16.5,11.5,,176075.5,211493324.0,73382.77,4788449.0,,,496390.01
Nigeria,NGA,2022.0,-9330372.0,3133.82,417.6,693.85,,14634244.0,27251572.39,17.1,3.1,,41604057.45,437.52,27115108.58,15.6,11.5,,202365.02,216783381.0,75768.95,5303872.0,,,697378.91
Nigeria,NGA,2023.0,-13501819.0,4486.21,508.7,743.2,,19500079.0,36247788.33,24.3,2.74,,49853685.26,468.64,32642666.15,21.8,17.5,,234425.91,,77936.1,5998260.0,,,3639316.85
Nigeria,NGA,2024.0,-961579.0,0.0,660.8,,,1411236.0,19167359.19,35.4,3.4,,121670881.49,,13970054.03,29.9,18.8,,277493.78,,80606.53,449657.0,,,1430919.37
Nigeria,NGA,2025.0,,,110.7,,,,6791847.35,26.1,,,,,5493728.48,24.5,27.5,,,,,,,,
Rwanda,RWA,1990.0,,12.65,,,,43.87,,,,,,,,,,,,,,21.0,18.2,,
Rwanda,RWA,1991.0,,16.79,,,,54.41,,,,,,,,,,,,,,24.5,21.3,,
Rwanda,RWA,1992.0,,20.06,,,,66.48,,,,,,,,,,,,,,27.0,23.6,,
Rwanda,RWA,1993.0,,21.64,,,,68.25,,,,,,,,,,,,,,25.4,23.4,,
Rwanda,RWA,1994.0,,4.41,,,,26.59,,,,,,,,,,,,,,5.9,5.9,,
Rwanda,RWA,1995.0,,27.3,,,,69.39,,,,,,,,,,,,,,23.0,21.6,,
Rwanda,RWA,1996.0,,39.54,,,,95.29,,,,,,,,,,,,,,39.1,35.9,,
Rwanda,RWA,1997.0,,46.19,,,,109.61,,,,,,,,,,,,,,57.7,54.6,,
Rwanda,RWA,1998.0,,42.25,,,,117.43,,,,,,,,,,,,,,65.5,62.1,,
Rwanda,RWA,1999.0,,74.01,,,,161.6,,,,,,,,,,,720.0,7500000.0,2066.0,65.2,61.5,,
Rwanda,RWA,2000.0,,58.81,,,,147.47,,,8.4,,,,,,,,806.0,7700000.0,2239.0,67.9,64.7,,
Rwanda,RWA,2001.0,,57.31,,,,166.69,,,8.5,,,,,,,,871.0,7900000.0,2429.0,85.6,78.9,,
Rwanda,RWA,2002.0,,57.95,,,,191.81,,,13.2,,,,,,,,935.0,8100000.0,2750.0,100.4,93.8,,
Rwanda,RWA,2003.0,,50.99,,,,214.97,,,2.2,,,,,,,,1150.0,8300000.0,2810.0,121.7,114.0,,
Rwanda,RWA,2004.0,,81.45,,,,266.84,,,7.4,,,,,,,,1372.0,8600000.0,3020.0,146.3,133.9,,
Rwanda,RWA,2005.0,,110.55,,,,332.86,,,9.4,,,,,11.6,9.0,,1637.0,8800000.0,3303.0,179.6,161.8,,
Rwanda,RWA,2006.0,,126.14,,,,386.57,,,9.2,,,,,5.2,9.0,,1832.0,9000000.0,3607.0,207.4,192.8,,
Rwanda,RWA,2007.0,,186.18,,,,490.74,,,7.6,,,,,12.6,9.0,,2226.0,9200000.0,3883.0,256.9,241.8,,
Rwanda,RWA,2008.0,,267.76,,,,649.74,,,11.2,,,,,6.5,9.0,,2833.0,9500000.0,4316.0,379.9,327.6,,
Rwanda,RWA,2009.0,,295.23,79.8,,,754.29,,,6.2,,,,,20.4,9.0,,3225.0,9700000.0,4586.0,380.6,364.0,,
Rwanda,RWA,2010.0,,350.1,84.9,,,879.37,,,7.3,,694.38,,,4.5,7.5,,3572.0,10000000.0,4922.0,430.9,412.8,,
Rwanda,RWA,2011.0,,447.94,80.3,,,998.13,,,8.0,,854.65,,,1.1,6.0,,4133.0,10200000.0,5314.0,541.6,505.0,,
Rwanda,RWA,2012.0,,513.9,86.9,,,1174.55,,,8.6,,980.71,,,7.8,7.0,,4702.0,10500000.0,5773.0,697.9,645.8,,
Rwanda,RWA,2013.0,,649.45,95.3,,,1455.38,,,4.7,,1393.37,,,4.4,7.5,,5057.0,10700000.0,6046.0,799.2,707.0,,
Rwanda,RWA,2014.0,,718.17,98.8,,,1653.87,92.2,,6.2,,1677.36,,520.84,2.4,7.0,,5623.0,11000000.0,6418.0,903.0,810.3,,
Rwanda,RWA,2015.0,,776.1,99.1,,,1749.6,100.6,,8.9,,2118.04,,432.61,1.5,6.5,,6150.0,11300000.0,6987.0,1082.8,928.1,,
Rwanda,RWA,2016.0,,701.3,105.7,,,1813.7,92.1,,6.0,,3056.92,,666.43,4.5,6.5,,6845.0,11500000.0,7404.0,1225.8,1044.6,,
Rwanda,RWA,2017.0,,814.9,118.3,,,2093.29,92.0,,3.9,,3749.2,,635.79,7.4,6.3,,7694.0,11800000.0,7694.0,1377.2,1180.0,,
Rwanda,RWA,2018.0,,939.92,118.5,,,2373.69,170.8,,8.5,,4344.94,,674.78,1.3,5.5,,8299.0,12100000.0,8350.0,1576.7,1324.7,,
Rwanda,RWA,2019.0,,1200.45,118.7,,,2894.2,142.2,,9.4,,5288.44,,702.46,1.0,5.5,3727994.59,9308.0,12400000.0,9138.0,1771.6,1524.6,14.54,
Rwanda,RWA,2020.0,,1379.54,132.3,,,3294.63,206.8,,-3.4,208.0,6953.07,,899.0,7.3,5.0,4105648.4,9597.0,12700000.0,2249.0,1819.5,1547.9,13.07,
Rwanda,RWA,2021.0,,992.8,136.9,,,,161.8,,10.9,208.0,8021.04,,769.77,0.6,4.5,3860572.35,10943.0,13000000.0,2327.0,2688.0,1712.4,16.98,
Rwanda,RWA,2022.0,,1059.7,138.7,,,,296.6,,8.2,229.0,9259.67,,1128.32,4.3,4.5,4293304.69,13720.0,13300000.0,2510.0,,,16.48,
Rwanda,RWA,2023.0,,1129.5,181.9,,,,423.9,,8.2,269.0,12021.97,,1466.6,20.7,6.5,4596057.27,16355.0,13600000.0,2740.0,,,17.23,
Rwanda,RWA,2024.0,,1744.9,187.6,,,,438.8,,9.7,257.0,,,1768.85,5.0,7.5,5013201.61,4486.0,,3007.0,,,12.92,
Rwanda,RWA,2025.0,,2109.8,198.2,,,,107.23,,7.8,,,,,,6.5,5323552.0,5255.0,,,,,11.1,
Senegal,SEN,2000.0,,,61.3,,,,,,,,,,,,,,,,,,,,
Senegal,SEN,2001.0,,,62.4,,,,,,,,,,,,,,,,,,,,
Senegal,SEN,2002.0,,,64.1,,,,,,,,,,,,,,,,,,,,
Senegal,SEN,2003.0,,,65.2,,,,,,,,,,,,,,,,,,,,
Senegal,SEN,2004.0,,,64.7,,,,,,,,,,,,,,,,,,,,
Senegal,SEN,2005.0,,,65.3,,,,,,,,,,,,,,,,,,,,
Senegal,SEN,2006.0,,,66.5,,,,,,,,,,,,,,,,,,,,
Senegal,SEN,2007.0,,,69.4,,,,,,,,,,,,,,,,,,,,
Senegal,SEN,2008.0,,,73.6,,,,,,,,,,,,,,,,1991.8,,,,
Senegal,SEN,2009.0,,,75.3,,,,,,,,,,,,,,,,1971.9,,,,
Senegal,SEN,2010.0,,678.9,74.2,,,,,,,,,,,,,,,,2081.3,,,,
Senegal,SEN,2011.0,,712.3,77.2,,,,,,,,,,,,,,,,2058.1,,,,
Senegal,SEN,2012.0,,748.6,78.4,,,,,,,,,,,,,,,,2200.1,,,,
Senegal,SEN,2013.0,,786.4,78.9,,,,,,,,,,,,,,,,2259.5,,,,
Senegal,SEN,2014.0,-354.7,825.7,79.5,135.2,,2468.3,1324.5,,6.6,,,,2512.8,,,,8071.0,,2289.680929,,,,
Senegal,SEN,2015.0,-384.2,867.9,77.6,142.8,,2623.7,1408.7,,6.4,,,,2668.4,,,,8558.0,,2452.966264,,,,
Senegal,SEN,2016.0,-412.6,912.4,78.8,150.6,,2795.4,1492.3,,6.2,,,,2815.7,,,,9056.0,,2625.287483,,,,
Senegal,SEN,2017.0,-450.3,958.0,79.6,160.3,,2987.2,1615.8,,7.1,,,,3024.6,,,,9708.0,,2786.019334,,,,
Senegal,SEN,2018.0,-496.8,1005.7,80.9,170.9,,3194.6,1789.4,,6.4,,,,3347.9,,,,10310.0,,2962.158427,,,,
Senegal,SEN,2019.0,-532.4,1056.0,81.4,182.4,,3421.8,1993.2,,4.6,,,,3648.2,,,,10870.0,,3184.763638,,,,
Senegal,SEN,2020.0,-598.7,250.0,83.1,195.7,,3678.5,2105.6,,1.3,,,,3825.1,,,,11360.0,,3212.946582,,,,
Senegal,SEN,2021.0,-654.3,262.5,83.8,210.5,,3954.2,2367.9,,6.5,,,,4256.3,,,,12450.0,,3303.388658,,,,
Senegal,SEN,2022.0,-712.9,275.0,88.4,228.1,,4267.9,2698.4,,3.8,,,,4987.6,,,,13870.0,,3509.39818,,,,
Senegal,SEN,2023.0,-768.5,287.5,97.8,245.6,,4598.3,3056.7,8.5,4.3,,,,6658.9,,,,16660.0,,3651.712939,,,,
Senegal,SEN,2024.0,-820.0,300.0,99.8,265.0,,4920.0,3290.0,5.5,5.7,,,,6890.0,,,,18020.0,,3747.674477,,,,
Senegal,SEN,2025.0,,,101.6,,,,315.2,-0.4,,,,,,,,,,,,,,,
South Africa,ZAF,1960.0,23.0,,,,,,,,,,2457.0,,,101.9,,,,17122000.0,,89.0,,,
South Africa,ZAF,1961.0,37.0,,,,,,,,,,2510.0,,,1.6,,,,16283000.0,,101.0,,,
South Africa,ZAF,1962.0,20.0,,,,,,,,,,2612.0,,,1.6,,,,16651000.0,,100.0,,,
South Africa,ZAF,1963.0,23.0,,,,,,,,,,2791.0,,,1.9,,,,17041000.0,,112.0,,,
South Africa,ZAF,1964.0,-4.0,,,,,,,,,,2943.0,,,0.9,,,,17457000.0,,101.0,,,
South Africa,ZAF,1965.0,-15.0,,,,,,,,,,3046.0,,,4.0,,,,19607000.0,,102.0,,,
South Africa,ZAF,1966.0,12.0,,,,,,,,,,3324.0,,,3.3,,,,20162000.0,,118.0,,,
South Africa,ZAF,1967.0,23.0,,,,,,,,,,3785.0,,,4.0,,,,20725000.0,,153.0,,,
South Africa,ZAF,1968.0,31.0,,,,,,,,,,4092.0,,,1.7,,,,21292000.0,,185.0,,,
South Africa,ZAF,1969.0,19.0,,,,,,,,,,4811.0,,,2.8,,,,21881000.0,,185.0,,,
South Africa,ZAF,1970.0,72.0,,,,,,,,,,5090.0,,,3.6,,,,20145000.0,,216.0,,,
South Africa,ZAF,1971.0,-1.0,,,,,,,,,,5393.0,,,5.4,,,,20586000.0,,225.0,,,
South Africa,ZAF,1972.0,-36.0,,,,,,,,,,6007.0,,,6.7,,,,21037000.0,,264.0,,,
South Africa,ZAF,1973.0,76.0,,,,,,,,,,7155.0,,,8.3,,,,21497000.0,,337.0,,,
South Africa,ZAF,1974.0,54.0,,,,,,,,,,7534.0,,,8.9,,,,21970000.0,,375.0,,,
South Africa,ZAF,1975.0,-14.0,,,,,,,,,,8304.0,,,15.2,,,,22450000.0,,454.0,,,
South Africa,ZAF,1976.0,-26.0,,,,,,,,,,10076.0,,,11.4,,,,22944000.0,,538.0,,,
South Africa,ZAF,1977.0,14.0,,,,,,,,,,12185.0,,,10.7,,,,23449000.0,,593.0,,,
South Africa,ZAF,1978.0,1.0,,,,,,,,,,14011.0,,,11.3,,,,23964000.0,,663.0,,,
South Africa,ZAF,1979.0,38.0,,,,,,,,,,16385.0,,,11.6,,,,24493000.0,,857.0,,,
South Africa,ZAF,1980.0,-18.0,,3.2,,,,,,,,18382.0,,,13.8,,,,25033000.0,,942.0,,,
South Africa,ZAF,1981.0,5.0,,3.7,,,,,,,,20077.0,,,15.5,,,,25563000.0,,1138.0,,,
South Africa,ZAF,1982.0,85.0,,4.3,,,,,,,,21776.0,,,13.9,,,,26106000.0,,1370.0,,,
South Africa,ZAF,1983.0,-8.0,,4.8,,,,,,,,25761.0,,,14.4,,,,26660000.0,,1589.0,,,
South Africa,ZAF,1984.0,-30.0,,5.4,,,,,,,,30117.0,,,10.3,,,,27227000.0,,1679.0,,,
South Africa,ZAF,1985.0,5.0,,6.1,,,,,,,,34110.0,,,13.3,,,,33530000.0,,2370.0,,,
South Africa,ZAF,1986.0,-56.0,,7.4,,,,,,,,39079.0,,,20.7,,,,28400000.0,,2814.0,,,
South Africa,ZAF,1987.0,-448.0,,8.6,,,,,,,,46683.0,,,16.1,,,,29106000.0,,2801.0,,,
South Africa,ZAF,1988.0,-310.0,,9.8,,,,,,,,55468.0,,,14.2,,,,29809000.0,,3367.0,,,
South Africa,ZAF,1989.0,277.0,,11.1,,,,,,,,67910.0,,,13.3,,,,30534000.0,,4977.0,,,
South Africa,ZAF,1990.0,2928.0,,12.8,,,,,,,,81022.0,,,15.1,,,,37450000.0,,7517.0,,,
South Africa,ZAF,1991.0,1686.0,,14.7,,,,,,,,92606.0,,,14.3,,,,38012000.0,,7353.0,,,
South Africa,ZAF,1992.0,238.0,,17.0,,,,,,,,115077.0,,,15.8,,,,38819000.0,,7596.0,,,
South Africa,ZAF,1993.0,-184.0,,18.7,,,,,,,,140563.0,,,9.7,,,480994.46,39628000.0,2315155.79,7455.0,,,
South Africa,ZAF,1994.0,1642.0,,20.5,,,,,,3.2,,177199.0,,,9.9,,,545092.63,40436000.0,2389240.78,9202.0,,20.0,
South Africa,ZAF,1995.0,2525.0,,22.5,,,,,,3.1,,238043.0,,,9.6,,,622900.83,41150000.0,2463307.24,11063.0,,17.0,
South Africa,ZAF,1996.0,3718.0,,24.0,,,,,,4.3,,274941.0,,,6.9,,,701803.91,40580000.0,2569229.45,14054.0,,19.0,
South Africa,ZAF,1997.0,426.0,,26.2,,,,,,2.6,,305864.0,,,9.4,,,778644.47,41433000.0,2636029.42,14117.0,,21.0,
South Africa,ZAF,1998.0,2203.0,,27.8,,,,,,0.5,,333564.0,,,5.6,,,845733.39,42130000.0,2649209.57,14568.0,,25.0,
South Africa,ZAF,1999.0,1492.0,,30.2,,,,,,2.4,,359292.0,,,8.9,,,925690.43,43050000.0,2712790.6,15775.0,,23.0,
South Africa,ZAF,2000.0,1937.0,,31.1,,,,,,4.2,,375842.0,,,2.6,,,1053138.03,43696000.0,2826727.8,15750.0,,27.0,
South Africa,ZAF,2001.0,3000.0,,33.3,,,,,,2.7,,402298.0,,,7.1,,,1165940.57,44552000.0,2903049.45,19348.0,,25.0,
South Africa,ZAF,2002.0,3634.0,,34.9,,,,,,3.7,,433621.0,,,5.0,10.5,,1360679.28,46330000.0,3010473.15,21103.0,,28.0,
South Africa,ZAF,2003.0,-3079.0,,38.9,,,,,,2.95,,432986.0,,,11.6,13.5,,1490399.02,46776000.0,3099254.27,19333.0,,29.0,
South Africa,ZAF,2004.0,163.0,,39.0,,,,,,4.55,,473724.0,,,0.2,8.0,,1652434.1,47277000.0,3240411.67,23010.0,,26.0,
South Africa,ZAF,2005.0,-1259.0,,40.2,22994.0,11701.0,,,,5.28,,514821.0,8585.0,,3.0,7.5,,1837001.38,47810000.0,3411409.88,26833.0,354378.0,24.0,
South Africa,ZAF,2006.0,855.0,71817.28,41.7,27701.0,12777.0,,,,5.6,,546203.0,9921.0,,4.0,7.0,,2057593.91,48368000.0,3602578.68,30578.0,416607.0,23.0,
South Africa,ZAF,2007.0,-5939.0,92131.66,44.2,26052.0,14567.0,,,,5.36,,581815.0,11484.0,,6.0,9.0,,2346649.86,48974000.0,3795693.98,32855.0,494880.0,24.0,
South Africa,ZAF,2008.0,-1443.0,124795.87,48.6,27826.0,16612.0,,,,3.19,,582862.0,12995.0,,9.3,11.0,18808476.85,2611630.83,49628000.0,3916816.24,38451.0,572559.0,23.0,
South Africa,ZAF,2009.0,-25523.0,181214.54,52.7,30694.0,20040.0,,,,-1.54,,637208.0,15817.0,,8.1,11.5,18981813.71,2794228.41,50337000.0,3856572.11,39544.0,627670.0,23.0,
South Africa,ZAF,2010.0,-18234.0,177096.21,55.8,31895.0,21639.0,,,,3.04,,767164.0,21001.0,,6.2,7.0,18409669.98,3055613.2,51096000.0,3973801.6,39672.0,598481.0,25.0,
South Africa,ZAF,2011.0,-13176.0,181027.65,57.8,30601.0,29834.0,,,,3.17,,965714.0,24488.0,,3.7,5.5,18500630.42,3327047.01,51889000.0,4099713.74,48713.0,673928.0,25.0,
South Africa,ZAF,2012.0,-25569.0,202842.48,61.4,34659.0,42053.0,,61697.0,,2.4,,1173064.0,29339.0,67424.0,6.3,5.5,19052836.2,3566385.04,52699000.0,4197952.41,50555.0,742576.0,25.0,
South Africa,ZAF,2013.0,-30941.0,224793.04,64.8,38046.0,47607.0,,53277.0,,2.49,,1349556.0,31966.0,77804.0,5.4,5.0,19420327.46,3868630.21,53524000.0,4302291.18,47302.0,813671.0,25.0,199715.0
South Africa,ZAF,2014.0,-27964.0,252397.69,68.5,40279.0,52511.0,,77783.0,,1.41,,1552675.0,35038.0,94716.0,5.8,5.5,20121757.52,4133873.02,54369000.0,4363118.11,54738.0,899888.0,25.0,221290.15
South Africa,ZAF,2015.0,-34521.0,265181.82,71.6,42598.0,57643.0,,67063.0,,1.32,,1788152.0,39045.0,91282.0,4.4,5.75,20994119.45,4420792.53,55204000.0,4420792.52,56021.0,986295.0,26.0,233488.52
South Africa,ZAF,2016.0,-29264.0,283274.15,76.0,44896.0,63829.0,,69665.0,,0.66,,2019267.0,42452.0,89168.0,6.2,6.75,21397775.97,4759554.55,56020000.0,4450171.0,68229.0,1069983.0,27.0,254811.0
South Africa,ZAF,2017.0,-32861.0,271943.7,81.2,46900.0,71699.0,,80213.0,,1.16,,2229662.0,44856.0,91412.0,6.6,7.0,22426362.51,5078189.93,56840000.0,4501701.62,65963.0,1144081.0,28.0,268477.33
South Africa,ZAF,2018.0,-49871.0,249757.86,84.7,46792.0,76119.0,,80855.0,,1.56,,2520112.0,49378.0,107978.0,4.4,6.75,22357924.51,5363190.43,57673000.0,4571783.38,74190.0,1216464.0,27.0,299685.71
South Africa,ZAF,2019.0,-64891.0,230151.28,88.0,47305.0,97208.0,,88639.0,,0.26,,2746860.0,53911.0,101705.0,4.0,6.75,22492221.54,5625206.55,58533000.0,4583667.07,75792.0,1287690.0,28.0,310891.67
South Africa,ZAF,2020.0,-50293.0,204324.85,91.8,51495.0,113700.0,,100890.0,,-6.17,,3194883.0,58417.0,103611.0,4.5,6.25,23452204.37,5562760.34,59353000.0,4300904.42,91008.0,1355766.0,30.0,304332.37
South Africa,ZAF,2021.0,-110002.0,199810.35,94.8,50841.0,117221.0,,110113.0,,4.96,,3897788.0,66074.0,97691.0,3.2,3.5,22237262.29,6220151.64,59965000.0,4514015.64,84285.0,1249711.0,33.0,339277.03
South Africa,ZAF,2022.0,-61498.0,209916.09,100.2,52329.0,125304.0,,130124.0,,1.91,,4228699.0,73452.0,126571.0,5.7,4.0,22776000.51,6655523.78,60605000.0,4600300.14,105096.0,1563754.0,35.0,356148.66
South Africa,ZAF,2023.0,-106827.0,232707.41,107.4,56554.0,139518.0,,139355.0,,0.7,,4753830.0,71514.0,162410.0,6.9,7.25,24125027.79,7023994.46,62028000.0,4632432.56,114088.0,1686697.0,33.0,
South Africa,ZAF,2024.0,-68617.0,,113.2,,,,143989.0,,0.6,,5187768.0,,153678.0,5.3,8.25,24970638.1,7336242.0,63016000.0,4659294.0,115521.0,,33.0,
South Africa,ZAF,2025.0,-70273.0,,99.3,,,,148967.0,,,,5624092.0,,165387.0,3.2,7.75,25014944.26,,,,121294.0,,33.0,
Tanzania,TZA,1997.0,,,,,,,,,,,,,1948.2,,,,,,,,,,
Tanzania,TZA,1998.0,,,,,,,,,,,,,2337.48,,,,,,,,,,
Tanzania,TZA,1999.0,,,,,,,1201.75,,,,,,2210.4,,,,,,,,,,
Tanzania,TZA,2000.0,,,,,,,1360.96,,,,,,2049.98,,,,,,,,,,
Tanzania,TZA,2001.0,,,,,,,1766.7,,,,,,2209.69,,,,,,,,,,
Tanzania,TZA,2002.0,,,,,,,1899.7,,4.4,,,,2143.86,,,,,,,,,,
Tanzania,TZA,2003.0,,,,,,,2168.61,,5.8,,,,2659.16,,,,,,,,,,
Tanzania,TZA,2004.0,,,,,,,2615.27,,7.8,,,,3457.56,,,,,,,,,,
Tanzania,TZA,2005.0,,,,,,,2948.27,,5.7,,,,4204.89,,,,19112830.0,,23582244.0,,,,
Tanzania,TZA,2006.0,,,,,,,3271.38,,3.3,,,,5113.44,,,,23298435.0,,24681311.0,,,,
Tanzania,TZA,2007.0,,,,,,,3899.87,,10.9,,,,6274.32,,,,26770432.0,,26770432.0,,,,
Tanzania,TZA,2008.0,,,,,,,5110.77,,3.8,,,,8674.17,,,,32764940.0,,28260633.0,,,,
Tanzania,TZA,2009.0,,,,,,,4713.84,,6.8,,,,7556.1,,3.7,,37726824.0,,29781719.0,,,,
Tanzania,TZA,2010.0,-3512.2,2611.3,,,,8173.7,5805.99,,5.0,,,,9054.39,,7.6,,43836018.0,,31675504.0,4661.5,4427.8,,1488.4
Tanzania,TZA,2011.0,-3861.4,2749.0,,,,9439.4,6733.29,,7.9,,,,12035.57,,7.6,,52762581.0,,34179297.0,5736.3,5293.3,,1632.9
Tanzania,TZA,2012.0,-3543.1,3774.7,,,,10764.5,7907.47,,7.1,,,,12678.02,,12.0,,61434214.0,,35936459.0,7221.4,6480.5,,2072.6
Tanzania,TZA,2013.0,-5100.4,4499.7,,,,13543.0,7773.89,,4.5,,,,13517.6,,12.0,,70953227.0,,38546546.0,8442.6,7730.0,,2374.9
Tanzania,TZA,2014.0,-3775.7,3926.0,,,,13958.2,8056.78,,8.5,,,,13566.07,,12.0,,82603388.0,,88874111.0,10182.5,9294.4,,2647.7
Tanzania,TZA,2015.0,-4006.0,3710.2,94.5,,,14603.7,7752.96,5.0,2.9,,,,10561.04,4.0,12.0,,94349316.0,,94349316.0,10957.8,9891.7,,3031.8
Tanzania,TZA,2016.0,-3711.6,4339.6,100.7,,,17759.6,8023.72,10.3,9.7,,,,8958.43,6.5,12.0,,108362324.0,,100828393.0,14048.0,12411.0,,3553.6
Tanzania,TZA,2017.0,-2258.9,7272.8,105.9,,,18898.7,7932.56,8.2,4.9,,,,9294.4,5.2,12.0,,118742133.0,,107611391.0,16639.8,14055.2,,3979.5
Tanzania,TZA,2018.0,-2523.2,7615.8,110.1,,,20468.1,7917.14,6.7,7.5,,,,10445.41,4.0,12.0,,123997772.0,,115174468.0,17944.9,15191.4,,4478.9
Tanzania,TZA,2019.0,-3771.1,8493.8,113.4,,,22300.6,9284.74,2.3,6.5,,,,10403.61,3.0,12.0,,134540194.0,,123139239.0,18529.6,15511.3,,4781.6
Tanzania,TZA,2020.0,-2440.0,9309.0,98.1,,,23510.0,8245.1,6.4,5.2,,,,9150.72,3.7,12.0,,145384353.0,,128723538.0,21070.0,17623.0,,5184.0
Tanzania,TZA,2021.0,-5991.0,11702.0,101.5,,,26585.0,9508.61,,4.5,,,,11610.39,3.5,12.0,,156167137.0,,134951513.0,20595.0,17624.0,,5218.0
Tanzania,TZA,2022.0,-7420.0,15817.0,105.6,,,31816.0,11586.86,6.1,6.0,,,,16674.12,4.0,12.0,,170820032.0,,141247193.0,24396.0,20931.0,,6298.0
Tanzania,TZA,2023.0,-9880.0,15682.0,110.8,,,36157.0,13560.87,9.9,5.0,,,,16124.8,4.9,12.0,,188788052.0,,148399757.0,26278.0,21411.0,,7067.0
Tanzania,TZA,2024.0,,,114.1,,,,9121.6,1.5,5.6,,,,16887.8,3.0,5.5,,50778146.0,,38730692.0,2425109.47,1949346.07,,
Tanzania,TZA,2025.0,,,117.57,,,,,5.3,,,,,,3.1,6.0,,,,,,,,
Togo,TGO,1965.0,,,,,,,,,,,,,,,,,43.5,,625.21,,,,
Togo,TGO,1966.0,,,,,,,,,,,,,,,,,53.1,,683.75,,4.6,,
Togo,TGO,1967.0,,,,,,,,,,,,,,,,,57.0,,721.06,,5.1,,
Togo,TGO,1968.0,,,,,,,,,,,,,,,,,59.9,,757.72,,5.4,,
Togo,TGO,1969.0,,,,,,,,,,,,,,,,,69.6,,839.41,,6.5,,
Togo,TGO,1970.0,,,,,,,,,,,11.0,,,,,,73.7,2197383.0,860.64,,8.9,,
Togo,TGO,1971.0,,,,,,,,,,,13.02,,,,,,81.9,2267211.0,860.64,,10.4,,
Togo,TGO,1972.0,,,,,,,,,,,11.86,,,,,,87.6,2330704.0,926.24,,11.7,,
Togo,TGO,1973.0,,,,,,,,,,,15.51,,,,,,90.4,2390909.0,962.26,,11.0,,
Togo,TGO,1974.0,,,,,,,51.77,,,,30.52,,-23.6,,,,130.7,2450335.0,1008.58,,15.2,,
Togo,TGO,1975.0,,,,,,,30.21,,,,35.97,,-45.33,,,,128.3,2509713.0,1033.02,,26.2,,
Togo,TGO,1976.0,,,,,,,37.96,,,,57.88,,-43.16,,,,136.3,2569671.0,1011.79,,32.3,,
Togo,TGO,1977.0,,,,,,,48.96,,,,106.7,,-62.09,,,,168.8,2630626.0,1082.55,,40.7,,
Togo,TGO,1978.0,,,,,,,59.11,,,,185.07,,-92.72,,,,188.8,2693400.0,1202.19,,49.6,,
Togo,TGO,1979.0,,,,,,,61.81,,,,234.7,,-98.77,,,,212.8,2761240.0,1139.79,,49.9,,
Togo,TGO,1980.0,,,,,,,100.52,,,,237.11,,-110.74,,,,238.4,2838110.0,1305.75,,60.0,,
Togo,TGO,1981.0,,,,,,,102.64,,,,273.18,,-112.48,,,,258.0,2925865.0,1262.65,,54.1,,
Togo,TGO,1982.0,,,,,,,113.31,,,,312.47,,-134.12,,,,269.7,3023343.0,1217.62,,64.5,,
Togo,TGO,1983.0,,,,,,,104.22,,,,349.33,,-111.19,,,,298.0,3126635.0,1151.37,,62.0,,
Togo,TGO,1984.0,,,,,,,127.14,,,,353.02,,-115.01,,,,313.8,3232244.0,1215.7,,68.7,,
Togo,TGO,1985.0,,,,,,,126.69,,,,420.18,,-136.46,,,,342.5,3336508.0,1283.23,,77.0,,
Togo,TGO,1986.0,,,,,,,125.49,,,,368.88,,-144.95,,,,367.4,3439370.0,1303.17,,78.6,,
Togo,TGO,1987.0,,,,,,,119.47,,,,371.11,,-131.37,,,,375.4,3544927.0,1309.61,,73.5,,
Togo,TGO,1988.0,,,,,,,129.67,,,,364.07,,-150.25,,,,412.1,3653420.0,1390.65,,79.6,,
Togo,TGO,1989.0,,,,,,,131.34,,,,375.24,,-149.97,,,,431.6,3763657.0,1447.9,,83.8,,
Togo,TGO,1990.0,-12.9,32.2,,,,127.6,139.9,,-0.3,,348.65,,-164.1,,,,687.76,3875947.0,1686.54,127.6,82.5,,
Togo,TGO,1991.0,-29.4,20.4,,,,115.0,145.12,,-0.52,,381.19,,-159.96,,,,704.12,3990215.0,1677.79,115.0,68.9,,
Togo,TGO,1992.0,-18.2,15.7,,,,98.8,111.1,,-3.23,,358.05,,-144.9,,,,692.78,4106219.0,1623.6,98.8,54.9,,
Togo,TGO,1993.0,-53.8,8.2,,,,93.1,74.76,,-15.73,,366.28,,-106.27,,,,564.94,4078392.0,1369.09,93.1,30.9,,
Togo,TGO,1994.0,-59.3,12.4,,,,135.9,182.32,,14.56,,808.23,,-202.94,,,,858.5,4092612.0,1568.43,135.9,60.3,,
Togo,TGO,1995.0,-42.0,22.9,94.6,,,147.2,188.38,,5.37,,736.62,,-252.8,,,,1019.32,4279566.0,1652.6,147.2,88.8,,
Togo,TGO,1996.0,-24.2,15.1,97.8,,,150.7,225.41,,7.67,,761.25,,-290.45,,,,1141.78,4445883.0,1780.56,150.7,98.1,,
Togo,TGO,1997.0,-20.8,17.6,64.8,,,161.2,246.58,,3.81,,785.45,,-309.65,,,,1326.67,4592550.0,1848.0,161.2,115.7,,
Togo,TGO,1998.0,-71.8,34.2,67.2,,,212.3,247.94,4.4,-2.3,,868.31,,-326.51,3.61,,,1269.1,4728297.0,1806.4,212.3,115.0,,
Togo,TGO,1999.0,-33.2,29.0,67.5,,,175.0,241.03,-4.89,2.62,,937.86,,-301.34,0.48,,,1326.91,4867941.0,1852.66,175.0,112.7,,
Togo,TGO,2000.0,-54.6,28.3,71.4,,,175.8,257.61,6.33,-0.96,,902.2,,-344.92,5.74,,,1496.23,5008035.0,1834.81,175.8,103.9,,
Togo,TGO,2001.0,-20.0,22.8,68.7,,,152.1,261.85,-11.8,0.82,,950.3,,-378.3,-3.77,,,1533.19,5145426.0,1849.92,152.1,108.2,,
Togo,TGO,2002.0,-7.0,14.4,73.2,,,135.3,295.69,13.35,3.83,,893.5,,-401.15,6.6,,,1671.88,5281538.0,1920.71,135.3,115.5,,
Togo,TGO,2003.0,17.0,10.4,73.1,,,153.8,347.39,-4.18,6.72,,827.0,,-438.48,-0.18,,,1732.66,5421001.0,2049.78,153.8,148.8,,
Togo,TGO,2004.0,13.7,15.8,72.5,,,165.8,317.51,-4.28,-0.98,,781.4,,-450.75,-0.79,,,1682.93,5565218.0,2029.72,165.8,161.0,,
Togo,TGO,2005.0,-31.9,36.6,76.9,,,219.8,334.46,6.4,-4.67,,820.4,,-483.91,5.99,13.04,,1698.71,5711597.0,1935.01,219.8,162.0,,
Togo,TGO,2006.0,-32.3,47.3,79.9,,,244.2,329.61,4.69,2.65,,839.95,,-496.26,3.93,8.53,,1734.93,5874240.0,1986.29,244.2,179.1,,
Togo,TGO,2007.0,-7.9,24.1,80.7,,,231.6,324.41,1.84,-1.18,,847.2,,-513.76,1.09,11.14,,1799.65,6047537.0,1962.95,231.6,195.9,,
Togo,TGO,2008.0,-3.4,49.9,83.7,,,253.3,381.8,8.07,4.04,,680.0,,-585.39,3.67,10.58,,2042.17,6222482.0,2042.17,253.3,211.2,,
Togo,TGO,2009.0,-9.0,92.2,89.92,,,326.3,426.4,19.39,5.45,,770.124,,-621.0,7.42,9.58,,2220.67,6398624.0,2153.54,326.3,229.1,,
Togo,TGO,2010.0,4.6,123.6,91.69,,,354.5,483.5,4.09,5.85,,260.3,,705.5,1.98,9.44,,2348.49,6571855.0,2279.62,354.5,246.7,,
Togo,TGO,2011.0,-19.7,144.2,95.99,,,420.8,556.2,3.21,5.82,,241.9,,953.1,4.69,9.25,,2555.32,6748672.0,2412.37,420.8,291.4,,
Togo,TGO,2012.0,-115.4,175.1,97.32,,,535.0,670.7,-1.45,6.3,,278.8,,955.5,1.38,9.56,,2763.92,6926635.0,2564.41,535.0,327.7,,
Togo,TGO,2013.0,-94.8,162.2,100.67,,,614.4,751.9,4.84,5.82,,357.4,,1182.0,3.45,9.23,,2974.13,7106229.0,2713.77,614.4,402.8,,
Togo,TGO,2014.0,-74.7,207.3,98.62,,,636.7,655.5,-9.48,5.63,,382.3,,1093.9,-2.04,8.88,,3156.75,7288383.0,2866.64,636.7,458.2,,
Togo,TGO,2015.0,-152.4,277.7,101.39,,,780.6,597.7,6.95,5.47,,527.2,,1208.5,2.81,8.36,,3402.69,7473229.0,3023.39,780.6,516.3,,
Togo,TGO,2016.0,-217.7,332.4,103.19,,,912.7,614.2,5.37,5.7,,564.1,,1185.9,1.77,9.44,,3597.8,7661354.0,3196.75,912.7,568.5,,
Togo,TGO,2017.0,-7.8,174.5,101.65,,,717.7,591.5,-3.0,4.0,,550.2,,965.3,-1.5,8.67,,3708.9,7852795.0,3324.88,717.7,563.2,,
Togo,TGO,2018.0,-23.1,201.69,102.05,,,789.0,600.4,-1.05,4.8,,600.8,,1035.1,0.4,8.74,,3904.4,8046679.0,3484.31,789.0,546.9,,
Togo,TGO,2019.0,68.0,129.75,104.64,,,753.7,618.2,3.96,4.9,,751.3,,1061.7,2.54,8.349,,4097.1,8243094.0,3655.85,753.7,626.2,,
Togo,TGO,2020.0,-307.5,394.19,105.4,,,1131.3,695.0,-1.67,2.0,,981.3,,1123.2,0.7,7.51,,4259.3,8442580.0,3728.53,1131.3,655.2,,
Togo,TGO,2021.0,-215.5,379.83,107.41,,,1139.4,720.8,4.91,5.99,,1064.0,,1275.4,1.9,7.4,,4625.84,8644829.0,3951.91,1139.4,779.6,,
Togo,TGO,2022.0,-422.3,610.8,115.4,,,1477.2,899.2,16.8,5.9,,3337.3,,1616.0,7.5,7.7,,5104.8,8848699.0,4183.09,1477.2,864.8,,
Togo,TGO,2023.0,-370.5,610.8,124.0,,,1642.8,953.3,5.6,6.5,,3707.9,,1708.9,7.4,7.65,,5613.2,9053799.0,4452.7,1642.8,991.6,,
Togo,TGO,2024.0,-362.6,,126.39,,,1703.6,989.6,0.37,6.3,,4156.6,,1819.7,1.95,7.49,,6098.4,,4731.47,1703.6,1113.4,,
Togo,TGO,2025.0,,,102.8,,,,,9.1,,,,,,2.2,7.67,,,,,,,,
